{"cameraMode":{"drawMode":0,"name":"Shaded","section":"Shading Mode"},"sceneLighting":true,"audioPlay":false,"sceneViewState":{"m_AlwaysRefresh":false,"showFog":true,"showSkybox":true,"showFlares":true,"showImageEffects":true,"showParticleSystems":true,"showVisualEffectGraphs":true,"m_FxEnabled":true},"in2DMode":false,"pivot":{"x":26.083026885986329,"y":1.0443339347839356,"z":16.564403533935548},"rotation":{"x":0.16038791835308076,"y":0.5610010623931885,"z":-0.11185828596353531,"w":0.8043894171714783},"size":8.692200660705567,"orthographic":false}